{
    "Receita": {
        "Year": 72409.65100000001
    },
    "Despesa": {
        "Year": 80531.392
    },
    "Saldo": {
        "Year": -8121.7409999999945
    },
    "PIBper": {
        "Year": -0.04902470206674499
    }
}