{
    "Receita": {
        "Year": 77011.906
    },
    "Despesa": {
        "Year": 84728.798
    },
    "Saldo": {
        "Year": -7716.891999999993
    },
    "PIBper": {
        "Year": -0.04459257350192104
    }
}