{
    "Receita": {
        "Year": 78670.80300000001
    },
    "Despesa": {
        "Year": 86563.81300000001
    },
    "Saldo": {
        "Year": -7893.009999999995
    },
    "PIBper": {
        "Year": -0.04400188650950583
    }
}