{
    "Receita": {
        "Year": 79613.34499999999
    },
    "Despesa": {
        "Year": 83335.749
    },
    "Saldo": {
        "Year": -3722.4040000000095
    },
    "PIBper": {
        "Year": -0.0201285942390689
    }
}