{
    "Receita": {
        "Year": 82840.533
    },
    "Despesa": {
        "Year": 84605.95500000002
    },
    "Saldo": {
        "Year": -1765.4220000000205
    },
    "PIBper": {
        "Year": -0.009143852217880792
    }
}