{
    "Receita": {
        "Year": 87713.72640999999
    },
    "Despesa": {
        "Year": 88626.529
    },
    "Saldo": {
        "Year": -912.8025900000066
    },
    "PIBper": {
        "Year": -0.00452766258827178
    }
}