{
    "Receita": {
        "Year": 91008.13184
    },
    "Despesa": {
        "Year": 90604.232
    },
    "Saldo": {
        "Year": 403.8998399999982
    },
    "PIBper": {
        "Year": 0.0019024707207214232
    }
}