{
    "Receita": {
        "Year": 86586.60366999998
    },
    "Despesa": {
        "Year": 98087.726
    },
    "Saldo": {
        "Year": -11501.122330000013
    },
    "PIBper": {
        "Year": -0.056805274754970214
    }
}