{
    "Receita": {
        "Year": 115621.470993,
        "Budget": 111026.66615405517
    },
    "Despesa": {
        "Year": 112427.967,
        "Budget": 113233.22464771465
    },
    "Saldo": {
        "Year": 3193.503992999991,
        "Budget": -2206.5584936594823
    },
    "PIBper": {
        "Year": 0.012028129845320368,
        "Budget": -0.008852813662377853
    }
}