{
    "Receita": {
        "Year": 106139.25134781355,
        "Budget": 101475.09839178823
    },
    "Despesa": {
        "Year": 107083.635,
        "Budget": 105887.34634078643
    },
    "Saldo": {
        "Year": -944.3836521864432,
        "Budget": -4412.247948998207
    },
    "PIBper": {
        "Year": -0.003947212401995112,
        "Budget": -0.019429175882610287
    }
}