{
    "Divida em milhões de euros": 241060.8855464787,
    "Divida em %PIB": 130.3516961639759
}