{
  "Country": "Portugal",
  "Year": 2020,
  "Total": 2831165729.693348,
  "Districts": [
    {
      "District": "AVEIRO",
      "Total": 168980246.58442575,
      "Municipalities": {
        "ÁGUEDA": 10128455.110804344,
        "ALBERGARIA-A-VELHA": 7018278.089358924,
        "ANADIA": 9672246.947410878,
        "AROUCA": 9896836.203551088,
        "AVEIRO": 10978833.270560086,
        "CASTELO DE PAIVA": 6985691.523278408,
        "ESPINHO": 6945830.169653635,
        "ESTARREJA": 8248856.220471172,
        "ÍLHAVO": 6539548.0579117555,
        "MEALHADA": 6405982.247257886,
        "MURTOSA": 4390973.67104869,
        "OLIVEIRA DE AZEMÉIS": 15727645.63192022,
        "OLIVEIRA DO BAIRRO": 8041338.034241463,
        "OVAR": 9305961.997022726,
        "SANTA MARIA DA FEIRA": 22619141.65312605,
        "SÃO JOÃO DA MADEIRA": 5074084.773608144,
        "SEVER DO VOUGA": 6056658.7244727295,
        "VAGOS": 7101969.481653739,
        "VALE DE CAMBRA": 7841914.777073787
      }
    },
    {
      "District": "BEJA",
      "Total": 122236453.9804119,
      "Municipalities": {
        "ALJUSTREL": 6844442.212413339,
        "ALMODÔVAR": 9796551.244950915,
        "ALVITO": 3839547.5381486993,
        "BARRANCOS": 3833521.693509557,
        "BEJA": 13252302.311392201,
        "CASTRO VERDE": 6895155.351724383,
        "CUBA": 3783435.2560431305,
        "FERREIRA DO ALENTEJO": 7709086.681062709,
        "MÉRTOLA": 12468515.533546066,
        "MOURA": 11458180.152417583,
        "ODEMIRA": 17513640.937407054,
        "OURIQUE": 7453572.237320344,
        "SERPA": 12459239.28300385,
        "VIDIGUEIRA": 4929263.547472074
      }
    },
    {
      "District": "BRAGA",
      "Total": 202069581.4699932,
      "Municipalities": {
        "AMARES": 6910617.187188983,
        "BARCELOS": 30306573.655921645,
        "BRAGA": 24164764.475386824,
        "CABECEIRAS DE BASTO": 8392424.665084532,
        "CELORICO DE BASTO": 9341244.227110062,
        "ESPOSENDE": 8048780.856443041,
        "FAFE": 15352575.352794448,
        "GUIMARÃES": 30314382.962919895,
        "PÓVOA DE LANHOSO": 8603586.865396379,
        "TERRAS DE BOURO": 6497237.65120909,
        "VIEIRA DO MINHO": 7907342.061552969,
        "VILA NOVA DE FAMALICÃO": 24547784.601641204,
        "VILA VERDE": 15661951.292053718,
        "VIZELA": 6020315.6152904015
      }
    },
    {
      "District": "BRAGANÇA",
      "Total": 112466022.02163035,
      "Municipalities": {
        "ALFÂNDEGA DA FÉ": 6626151.100680272,
        "BRAGANÇA": 16944143.296438772,
        "CARRAZEDA DE ANSIÃES": 7106019.020666362,
        "FREIXO DE ESPADA À CINTA": 5738296.578541797,
        "MACEDO DE CAVALEIROS": 11614041.629442176,
        "MIRANDA DO DOURO": 8076501.155396409,
        "MIRANDELA": 12374271.988211032,
        "MOGADOURO": 10576048.225907631,
        "TORRE DE MONCORVO": 8764222.902525632,
        "VILA FLOR": 6689352.417332755,
        "VIMIOSO": 7249080.162944714,
        "VINHAIS": 10707893.543542795
      }
    },
    {
      "District": "CASTELO BRANCO",
      "Total": 109157009.78528541,
      "Municipalities": {
        "BELMONTE": 4701939.074336671,
        "CASTELO BRANCO": 19730335.59336153,
        "COVILHÃ": 15507619.570555257,
        "FUNDÃO": 13432560.16483369,
        "IDANHA-A-NOVA": 13856925.9578885,
        "OLEIROS": 7386291.340997679,
        "PENAMACOR": 7728290.573486201,
        "PROENÇA-A-NOVA": 7486635.273108016,
        "SERTÃ": 9408136.13849168,
        "VILA DE REI": 4561171.171286019,
        "VILA VELHA DE RÓDÃO": 5357104.926940177
      }
    },
    {
      "District": "COIMBRA",
      "Total": 131868878.12283544,
      "Municipalities": {
        "ARGANIL": 7308775.592877363,
        "CANTANHEDE": 11157947.015983233,
        "COIMBRA": 19163701.442919787,
        "CONDEIXA-A-NOVA": 5239070.469129638,
        "FIGUEIRA DA FOZ": 10358405.872961808,
        "GÓIS": 5423860.306493662,
        "LOUSÃ": 5509515.466759503,
        "MIRA": 5237684.394563312,
        "MIRANDA DO CORVO": 5320105.953691841,
        "MONTEMOR-O-VELHO": 9427176.997041378,
        "OLIVEIRA DO HOSPITAL": 8550983.060537554,
        "PAMPILHOSA DA SERRA": 6920296.40936458,
        "PENACOVA": 7509320.425798987,
        "PENELA": 4730641.857674775,
        "SOURE": 8748125.559710832,
        "TÁBUA": 6722722.774327559,
        "VILA NOVA DE POIARES": 4540544.522999635
      }
    },
    {
      "District": "ÉVORA",
      "Total": 99891645.98154917,
      "Municipalities": {
        "ALANDROAL": 6775552.978035968,
        "ARRAIOLOS": 7485887.825978192,
        "BORBA": 4498674.729298275,
        "ESTREMOZ": 8623623.944126945,
        "ÉVORA": 16945262.847866815,
        "MONTEMOR-O-NOVO": 12366860.978478106,
        "MORA": 5474772.484142793,
        "MOURÃO": 4199488.8497870155,
        "PORTEL": 7398301.086885858,
        "REDONDO": 5531646.78729197,
        "REGUENGOS DE MONSARAZ": 6283899.8442286495,
        "VENDAS NOVAS": 4580904.625982419,
        "VIANA DO ALENTEJO": 5103605.918608526,
        "VILA VIÇOSA": 4623163.080837639
      }
    },
    {
      "District": "FARO",
      "Total": 93463808.49353251,
      "Municipalities": {
        "ALBUFEIRA": 4906861.297512341,
        "ALCOUTIM": 7142319.299751344,
        "ALJEZUR": 4899644.757418999,
        "CASTRO MARIM": 3532611.1304437704,
        "FARO": 8442699.132215265,
        "LAGOA": 3729691.94639078,
        "LAGOS": 3968611.867792939,
        "LOULÉ": 7032895.732546963,
        "MONCHIQUE": 7628556.468100492,
        "OLHÃO": 8403261.450793067,
        "PORTIMÃO": 5890470.933109285,
        "SÃO BRÁS DE ALPORTEL": 4274764.313851062,
        "SILVES": 9691570.93696116,
        "TAVIRA": 7512214.57636695,
        "VILA DO BISPO": 3300162.9613459716,
        "VILA REAL DE SANTO ANTÓNIO": 3107471.688932112
      }
    },
    {
      "District": "GUARDA",
      "Total": 117719372.60112476,
      "Municipalities": {
        "AGUIAR DA BEIRA": 6120136.275701468,
        "ALMEIDA": 8746319.390024582,
        "CELORICO DA BEIRA": 6656553.18226853,
        "FIGUEIRA DE CASTELO RODRIGO": 7889507.254266756,
        "FORNOS DE ALGODRES": 4952589.90058086,
        "GOUVEIA": 8098494.4493950205,
        "GUARDA": 16225047.21479934,
        "MANTEIGAS": 4413609.046007031,
        "MEDA": 6217967.3360831775,
        "PINHEL": 8965709.539616365,
        "SABUGAL": 12224341.044419833,
        "SEIA": 12100304.38370763,
        "TRANCOSO": 8010542.53029001,
        "VILA NOVA DE FOZ CÔA": 7098251.053964156
      }
    },
    {
      "District": "LEIRIA",
      "Total": 121918128.84815475,
      "Municipalities": {
        "ALCOBAÇA": 13450405.309936073,
        "ALVAIÁZERE": 5457876.298624381,
        "ANSIÃO": 6334400.453082337,
        "BATALHA": 4776810.423984403,
        "BOMBARRAL": 4457740.259405763,
        "CALDAS DA RAINHA": 8469942.265944855,
        "CASTANHEIRA DE PÊRA": 3637336.167643077,
        "FIGUEIRÓ DOS VINHOS": 5347970.933834182,
        "LEIRIA": 21632604.475289896,
        "MARINHA GRANDE": 7360567.66354138,
        "NAZARÉ": 3983423.1306412504,
        "ÓBIDOS": 2611452.346968275,
        "PEDRÓGÃO GRANDE": 4469982.249861338,
        "PENICHE": 5942652.756119472,
        "POMBAL": 15727558.610979522,
        "PORTO DE MÓS": 8257405.502298557
      }
    },
    {
      "District": "LISBOA",
      "Total": 265794659.8410132,
      "Municipalities": {
        "ALENQUER": 8318033.621593886,
        "AMADORA": 22991183.701434545,
        "ARRUDA DOS VINHOS": 4215623.8310945025,
        "AZAMBUJA": 5911736.600789177,
        "CADAVAL": 5786845.300463733,
        "CASCAIS": 22746288.607511155,
        "LISBOA": 39505309.18842379,
        "LOURES": 26039107.848852962,
        "LOURINHÃ": 5776262.140465496,
        "MAFRA": 8596165.87252444,
        "ODIVELAS": 19087727.787585486,
        "OEIRAS": 21170676.398168772,
        "SINTRA": 40357222.746519014,
        "SOBRAL DE MONTE AGRAÇO": 3980765.911845135,