{
  "Country": "Portugal",
  "Year": 2021,
  "Total": 3041505523.84703,
  "Districts": [
    {
      "District": "AVEIRO",
      "Total": 181292190.08916694,
      "Municipalities": {
        "ÁGUEDA": 10967866.54850286,
        "ALBERGARIA-A-VELHA": 7553375.422840907,
        "ANADIA": 10432058.754742524,
        "AROUCA": 10298740.52468669,
        "AVEIRO": 11450965.761656715,
        "CASTELO DE PAIVA": 7615036.084700937,
        "ESPINHO": 7664185.832709557,
        "ESTARREJA": 8911303.45531043,
        "ÍLHAVO": 6828523.775716108,
        "MEALHADA": 6711201.008109617,
        "MURTOSA": 4730379.059747336,
        "OLIVEIRA DE AZEMÉIS": 16983319.811504997,
        "OLIVEIRA DO BAIRRO": 8630575.912111389,
        "OVAR": 10013579.363692125,
        "SANTA MARIA DA FEIRA": 24383221.542366087,
        "SÃO JOÃO DA MADEIRA": 5464389.748355362,
        "SEVER DO VOUGA": 6499481.917384368,
        "VAGOS": 7660485.08452593,
        "VALE DE CAMBRA": 8493500.480502978
      }
    },
    {
      "District": "BEJA",
      "Total": 132223419.49869935,
      "Municipalities": {
        "ALJUSTREL": 7470010.338931148,
        "ALMODÔVAR": 10575464.584245943,
        "ALVITO": 4146312.190195937,
        "BARRANCOS": 4140127.538326332,
        "BEJA": 14335432.389418347,
        "CASTRO VERDE": 7421837.76875362,
        "CUBA": 3941577.6422299705,
        "FERREIRA DO ALENTEJO": 8331665.40265748,
        "MÉRTOLA": 13484818.144257817,
        "MOURA": 12576678.029565783,
        "ODEMIRA": 18926493.219709296,
        "OURIQUE": 8057233.95769508,
        "SERPA": 13491880.291044552,
        "VIDIGUEIRA": 5323888.001668059
      }
    },
    {
      "District": "BRAGA",
      "Total": 217680701.9286932,
      "Municipalities": {
        "AMARES": 7477515.220567613,
        "BARCELOS": 32742263.567465834,
        "BRAGA": 25763570.212054126,
        "CABECEIRAS DE BASTO": 9080475.817532776,
        "CELORICO DE BASTO": 10075442.101132695,
        "ESPOSENDE": 8667535.662375677,
        "FAFE": 16580831.07494609,
        "GUIMARÃES": 32664308.43009285,
        "PÓVOA DE LANHOSO": 9192833.184549022,
        "TERRAS DE BOURO": 7036439.64799428,
        "VIEIRA DO MINHO": 8543534.98815878,
        "VILA NOVA DE FAMALICÃO": 26492435.84348026,
        "VILA VERDE": 16932998.414895266,
        "VIZELA": 6430517.763447943
      }
    },
    {
      "District": "BRAGANÇA",
      "Total": 121231176.79045214,
      "Municipalities": {
        "ALFÂNDEGA DA FÉ": 7150118.974191269,
        "BRAGANÇA": 18298115.862779014,
        "CARRAZEDA DE ANSIÃES": 7689312.104696459,
        "FREIXO DE ESPADA À CINTA": 6201140.0452376325,
        "MACEDO DE CAVALEIROS": 12557683.105118474,
        "MIRANDA DO DOURO": 8729881.053065708,
        "MIRANDELA": 13282854.38257842,
        "MOGADOURO": 11439866.620275937,
        "TORRE DE MONCORVO": 9291853.213812483,
        "VILA FLOR": 7226153.589955117,
        "VIMIOSO": 7836272.836120057,
        "VINHAIS": 11527925.002621563
      }
    },
    {
      "District": "CASTELO BRANCO",
      "Total": 117369928.89033048,
      "Municipalities": {
        "BELMONTE": 5074328.9284897735,
        "CASTELO BRANCO": 21306340.24793194,
        "COVILHÃ": 16767422.439214762,
        "FUNDÃO": 14516783.65527783,
        "IDANHA-A-NOVA": 14531728.495538415,
        "OLEIROS": 7985424.906803694,
        "PENAMACOR": 8356308.127968165,
        "PROENÇA-A-NOVA": 8088888.581330672,
        "SERTÃ": 10030106.9050834,
        "VILA DE REI": 4924494.39703406,
        "VILA VELHA DE RÓDÃO": 5788102.205657768
      }
    },
    {
      "District": "COIMBRA",
      "Total": 142537983.30795866,
      "Municipalities": {
        "ARGANIL": 7915165.425717211,
        "CANTANHEDE": 12036072.170717262,
        "COIMBRA": 21338404.074199628,
        "CONDEIXA-A-NOVA": 5655691.996697476,
        "FIGUEIRA DA FOZ": 10787729.049496396,
        "GÓIS": 5858947.291717375,
        "LOUSÃ": 5948927.190838333,
        "MIRA": 5651294.652399828,
        "MIRANDA DO CORVO": 5751003.791561357,
        "MONTEMOR-O-VELHO": 10191759.389561065,
        "OLIVEIRA DO HOSPITAL": 9341758.14305777,
        "PAMPILHOSA DA SERRA": 7480357.242338317,
        "PENACOVA": 8107963.698034437,
        "PENELA": 5109286.519519195,
        "SOURE": 9201324.50528854,
        "TÁBUA": 7261910.13234438,
        "VILA NOVA DE POIARES": 4900388.034470089
      }
    },
    {
      "District": "ÉVORA",
      "Total": 108029116.24692279,
      "Municipalities": {
        "ALANDROAL": 7326408.068254191,
        "ARRAIOLOS": 8088902.177404659,
        "BORBA": 4791367.836053762,
        "ESTREMOZ": 9333987.287769431,
        "ÉVORA": 18333572.780658063,
        "MONTEMOR-O-NOVO": 13403152.475750608,
        "MORA": 5913777.831675474,
        "MOURÃO": 4536691.487293896,
        "PORTEL": 7996467.621018179,
        "REDONDO": 6034369.770062319,
        "REGUENGOS DE MONSARAZ": 6793667.671778238,
        "VENDAS NOVAS": 4936496.911158217,
        "VIANA DO ALENTEJO": 5511836.096927503,
        "VILA VIÇOSA": 5028418.2311182525
      }
    },
    {
      "District": "FARO",
      "Total": 97680286.28988856,
      "Municipalities": {
        "ALBUFEIRA": 5368480.745659431,
        "ALCOUTIM": 7721426.1945101265,
        "ALJEZUR": 5063609.584765707,
        "CASTRO MARIM": 3754171.018732706,
        "FARO": 8813447.940812709,
        "LAGOA": 3879190.4054627526,
        "LAGOS": 3825382.5914388928,
        "LOULÉ": 7033348.218506205,
        "MONCHIQUE": 8249614.150064328,
        "OLHÃO": 9066781.32356253,
        "PORTIMÃO": 6232422.700125779,
        "SÃO BRÁS DE ALPORTEL": 4470981.738930712,
        "SILVES": 10138212.272340339,
        "TAVIRA": 7569641.7901851395,
        "VILA DO BISPO": 3278492.3676676867,
        "VILA REAL DE SANTO ANTÓNIO": 3215083.24712351
      }
    },
    {
      "District": "GUARDA",
      "Total": 127357398.53453813,
      "Municipalities": {
        "AGUIAR DA BEIRA": 6605576.222783314,
        "ALMEIDA": 9456483.167069085,
        "CELORICO DA BEIRA": 7190413.427599578,
        "FIGUEIRA DE CASTELO RODRIGO": 8533679.009575231,
        "FORNOS DE ALGODRES": 5351625.335059988,
        "GOUVEIA": 8890955.137104241,
        "GUARDA": 17518130.07277697,
        "MANTEIGAS": 4768164.706012726,
        "MEDA": 6720359.946928902,
        "PINHEL": 9691278.680745864,
        "SABUGAL": 13235628.877767421,
        "SEIA": 13070617.817424564,
        "TRANCOSO": 8654607.626461795,
        "VILA NOVA DE FOZ CÔA": 7669878.507228467
      }
    },
    {
      "District": "LEIRIA",
      "Total": 130975199.3209449,
      "Municipalities": {
        "ALCOBAÇA": 14509493.868627526,
        "ALVAIÁZERE": 5894948.6880188985,
        "ANSIÃO": 6851030.493350711,
        "BATALHA": 5154418.0064983405,
        "BOMBARRAL": 4809048.45943338,
        "CALDAS DA RAINHA": 9122438.31741579,
        "CASTANHEIRA DE PÊRA": 3925724.750952116,
        "FIGUEIRÓ DOS VINHOS": 5776561.52424395,
        "LEIRIA": 23290033.741966426,
        "MARINHA GRANDE": 7937836.609783855,
        "NAZARÉ": 4113592.0651657623,
        "ÓBIDOS": 2737066.8904491314,
        "PEDRÓGÃO GRANDE": 4826467.120030223,
        "PENICHE": 6401377.371945662,
        "POMBAL": 16785927.6072701,
        "PORTO DE MÓS": 8839233.80579303
      }
    },
    {
      "District": "LISBOA",
      "Total": 283674738.9581396,
      "Municipalities": {
        "ALENQUER": 8971552.022698835,
        "AMADORA": 24881059.12818598,
        "ARRUDA DOS VINHOS": 4530336.369808752,
        "AZAMBUJA": 6164667.461624632,
        "CADAVAL": 6259459.863932687,
        "CASCAIS": 23753470.158629403,
        "LISBOA": 42314207.86567293,
        "LOURES": 28017748.97149079,
        "LOURINHÃ": 6235565.295390565,
        "MAFRA": 8930280.50876707,
        "ODIVELAS": 20543088.08927826,
        "OEIRAS": 21913942.273978718,
        "SINTRA": 43176865.10903893,
        "SOBRAL DE MONTE AGRAÇO": 4290867.113895408,