{
  "Country": "Portugal",
  "Year": 2022,
  "Total": 2939012047.2069616,
  "Districts": [
    {
      "District": "AVEIRO",
      "Total": 174505265.09713557,
      "Municipalities": {
        "ÁGUEDA": 10433080.734993549,
        "ALBERGARIA-A-VELHA": 6926015.988953581,
        "ANADIA": 9548349.264801381,
        "AROUCA": 10152573.328460436,
        "AVEIRO": 11958083.859278178,
        "CASTELO DE PAIVA": 7785989.988621103,
        "ESPINHO": 7491250.427000986,
        "ESTARREJA": 8303936.196670152,
        "ÍLHAVO": 5997507.684069592,
        "MEALHADA": 6558027.669776728,
        "MURTOSA": 4344370.8342504855,
        "OLIVEIRA DE AZEMÉIS": 17414658.996551655,
        "OLIVEIRA DO BAIRRO": 7926458.11734739,
        "OVAR": 8641768.00022318,
        "SANTA MARIA DA FEIRA": 25017829.30823022,
        "SÃO JOÃO DA MADEIRA": 5253160.088538944,
        "SEVER DO VOUGA": 5896455.947411834,
        "VAGOS": 7064514.277312828,
        "VALE DE CAMBRA": 7791234.384643414
      }
    },
    {
      "District": "BEJA",
      "Total": 127743243.44044045,
      "Municipalities": {
        "ALJUSTREL": 6882056.022274548,
        "ALMODÔVAR": 9688976.34670857,
        "ALVITO": 3793732.3059361456,
        "BARRANCOS": 3802192.554339868,
        "BEJA": 14679221.257138392,
        "CASTRO VERDE": 7593522.728472626,
        "CUBA": 3841054.7139129494,
        "FERREIRA DO ALENTEJO": 7678902.648967115,
        "MÉRTOLA": 12487621.317427779,
        "MOURA": 12561221.59022824,
        "ODEMIRA": 19171284.897484027,
        "OURIQUE": 7424441.449954744,
        "SERPA": 13241396.972326256,
        "VIDIGUEIRA": 4897618.63526919
      }
    },
    {
      "District": "BRAGA",
      "Total": 216077634.99446294,
      "Municipalities": {
        "AMARES": 7421058.242623614,
        "BARCELOS": 33585914.54476714,
        "BRAGA": 25479481.274918783,
        "CABECEIRAS DE BASTO": 9019533.516082274,
        "CELORICO DE BASTO": 10281359.495829418,
        "ESPOSENDE": 7996714.477304235,
        "FAFE": 16727235.297792014,
        "GUIMARÃES": 31575018.613259234,
        "PÓVOA DE LANHOSO": 8996762.603495803,
        "TERRAS DE BOURO": 6876919.646033864,
        "VIEIRA DO MINHO": 7595215.255683193,
        "VILA NOVA DE FAMALICÃO": 26660428.356920287,
        "VILA VERDE": 17356286.590920605,
        "VIZELA": 6505707.078832485
      }
    },
    {
      "District": "BRAGANÇA",
      "Total": 111508564.6302047,
      "Municipalities": {
        "ALFÂNDEGA DA FÉ": 6580863.795914614,
        "BRAGANÇA": 16892517.110491946,
        "CARRAZEDA DE ANSIÃES": 7061550.599657926,
        "FREIXO DE ESPADA À CINTA": 5665628.164378814,
        "MACEDO DE CAVALEIROS": 11456287.068931988,
        "MIRANDA DO DOURO": 8043695.844036135,
        "MIRANDELA": 12121343.274516478,
        "MOGADOURO": 10530063.619705044,
        "TORRE DE MONCORVO": 8734080.535955073,
        "VILA FLOR": 6637971.53052122,
        "VIMIOSO": 7219309.68184845,
        "VINHAIS": 10565253.404247016
      }
    },
    {
      "District": "CASTELO BRANCO",
      "Total": 110877443.45845298,
      "Municipalities": {
        "BELMONTE": 4661153.3126475,
        "CASTELO BRANCO": 19680156.99530791,
        "COVILHÃ": 17175407.528193906,
        "FUNDÃO": 13648150.788148437,
        "IDANHA-A-NOVA": 13688220.096908534,
        "OLEIROS": 7340205.229502068,
        "PENAMACOR": 7695437.808863066,
        "PROENÇA-A-NOVA": 7336333.460660056,
        "SERTÃ": 9804883.78252664,
        "VILA DE REI": 4522046.788458233,
        "VILA VELHA DE RÓDÃO": 5325447.667236628
      }
    },
    {
      "District": "COIMBRA",
      "Total": 137324564.60763413,
      "Municipalities": {
        "ARGANIL": 7263480.885081685,
        "CANTANHEDE": 11110703.54958761,
        "COIMBRA": 22322329.014316086,
        "CONDEIXA-A-NOVA": 5773111.903777597,
        "FIGUEIRA DA FOZ": 10098299.356543785,
        "GÓIS": 5386866.258411005,
        "LOUSÃ": 6074741.585535837,
        "MIRA": 5202883.879433872,
        "MIRANDA DO CORVO": 5875270.026299603,
        "MONTEMOR-O-VELHO": 10332523.6989678,
        "OLIVEIRA DO HOSPITAL": 8617284.53061104,
        "PAMPILHOSA DA SERRA": 6890279.20213745,
        "PENACOVA": 7474282.329325655,
        "PENELA": 4698630.249959322,
        "SOURE": 9006923.98100317,
        "TÁBUA": 6689233.634962621,
        "VILA NOVA DE POIARES": 4507720.521679995
      }
    },
    {
      "District": "ÉVORA",
      "Total": 102008328.95023969,
      "Municipalities": {
        "ALANDROAL": 6746547.916395473,
        "ARRAIOLOS": 7454386.908222823,
        "BORBA": 4672746.437576625,
        "ESTREMOZ": 9123549.34415345,
        "ÉVORA": 17921281.436811216,
        "MONTEMOR-O-NOVO": 12365535.749578357,
        "MORA": 5442141.366458967,
        "MOURÃO": 4168124.310545998,
        "PORTEL": 7367918.250774878,
        "REDONDO": 5545351.7436528765,
        "REGUENGOS DE MONSARAZ": 6252263.691758712,
        "VENDAS NOVAS": 5032275.976497055,
        "VIANA DO ALENTEJO": 5072249.915422471,
        "VILA VIÇOSA": 4843955.902390783
      }
    },
    {
      "District": "FARO",
      "Total": 91627040.29490612,
      "Municipalities": {
        "ALBUFEIRA": 4544230.159505227,
        "ALCOUTIM": 7103365.066479868,
        "ALJEZUR": 4662192.380676193,
        "CASTRO MARIM": 3451779.926281429,
        "FARO": 9148904.379259957,
        "LAGOA": 3493306.7794115073,
        "LAGOS": 3239064.5047014803,
        "LOULÉ": 6061909.302496592,
        "MONCHIQUE": 7591397.208738344,
        "OLHÃO": 8860376.073697979,
        "PORTIMÃO": 6167329.3637390435,
        "SÃO BRÁS DE ALPORTEL": 4196202.604963073,
        "SILVES": 10125454.82754535,
        "TAVIRA": 7097685.394131878,
        "VILA DO BISPO": 2929116.3324315976,
        "VILA REAL DE SANTO ANTÓNIO": 2954725.9908466022
      }
    },
    {
      "District": "GUARDA",
      "Total": 116792154.69235286,
      "Municipalities": {
        "AGUIAR DA BEIRA": 6064744.815253242,
        "ALMEIDA": 8706386.757310702,
        "CELORICO DA BEIRA": 6618877.8108209465,
        "FIGUEIRA DE CASTELO RODRIGO": 7848132.606212973,
        "FORNOS DE ALGODRES": 4921387.537820461,
        "GOUVEIA": 8193181.953401136,
        "GUARDA": 15951894.844022611,
        "MANTEIGAS": 4377932.040860392,
        "MEDA": 6188587.035391894,
        "PINHEL": 8935046.691845208,
        "SABUGAL": 12170707.685062319,
        "SEIA": 11914489.80026405,
        "TRANCOSO": 7833687.318514474,
        "VILA NOVA DE FOZ CÔA": 7067097.79557245
      }
    },
    {
      "District": "LEIRIA",
      "Total": 122029163.0842753,
      "Municipalities": {
        "ALCOBAÇA": 13225970.940212466,
        "ALVAIÁZERE": 5362804.6539254775,
        "ANSIÃO": 6711199.796962282,
        "BATALHA": 5250878.370305865,
        "BOMBARRAL": 4412725.741037627,
        "CALDAS DA RAINHA": 8296180.389214616,
        "CASTANHEIRA DE PÊRA": 3602460.568115554,
        "FIGUEIRÓ DOS VINHOS": 5313773.635709308,
        "LEIRIA": 21530253.69170443,
        "MARINHA GRANDE": 8119006.517341696,
        "NAZARÉ": 3804647.662255511,
        "ÓBIDOS": 2643951.5647166073,
        "PEDRÓGÃO GRANDE": 4424492.788318024,
        "PENICHE": 5678157.007764817,
        "POMBAL": 15089611.259292604,
        "PORTO DE MÓS": 8563048.497398423
      }
    },
    {
      "District": "LISBOA",
      "Total": 285859915.1410852,
      "Municipalities": {
        "ALENQUER": 9179619.738575676,
        "AMADORA": 25345381.011617072,
        "ARRUDA DOS VINHOS": 4331291.420280415,
        "AZAMBUJA": 5860852.28654856,
        "CADAVAL": 6157211.717555126,
        "CASCAIS": 24606594.318832524,
        "LISBOA": 41116718.551890865,
        "LOURES": 28698956.269014128,
        "LOURINHÃ": 6060557.671079604,
        "MAFRA": 9306013.753945371,
        "ODIVELAS": 21095577.711944737,
        "OEIRAS": 22438827.786728583,
        "SINTRA": 44280389.51069723,
        "SOBRAL DE MONTE AGRAÇO": 4378373.938291606,