{
  "Country": "Portugal",
  "Year": 2023,
  "Total": 3129238270.3265247,
  "Districts": [
    {
      "District": "AVEIRO",
      "Total": 187021364.13793117,
      "Municipalities": {
        "ÁGUEDA": 11175554.574308557,
        "ALBERGARIA-A-VELHA": 7344239.962119878,
        "ANADIA": 10221216.677990796,
        "AROUCA": 10802065.95415216,
        "AVEIRO": 12696239.7990428,
        "CASTELO DE PAIVA": 8416288.415607072,
        "ESPINHO": 7796357.079548029,
        "ESTARREJA": 9696951.20780274,
        "ÍLHAVO": 6508356.849372636,
        "MEALHADA": 6962747.369802857,
        "MURTOSA": 4671809.061288552,
        "OLIVEIRA DE AZEMÉIS": 18835611.43648222,
        "OLIVEIRA DO BAIRRO": 8170149.623092007,
        "OVAR": 9144840.440721538,
        "SANTA MARIA DA FEIRA": 27102982.58494592,
        "SÃO JOÃO DA MADEIRA": 5694487.731897298,
        "SEVER DO VOUGA": 6023390.1834894465,
        "VAGOS": 7596170.909719274,
        "VALE DE CAMBRA": 8161904.276547374
      }
    },
    {
      "District": "BEJA",
      "Total": 137302832.5878407,
      "Municipalities": {
        "ALJUSTREL": 7319232.480205571,
        "ALMODÔVAR": 10382529.428232726,
        "ALVITO": 4067330.9790952588,
        "BARRANCOS": 4078258.1916790344,
        "BEJA": 15874071.782124398,
        "CASTRO VERDE": 8200910.267303725,
        "CUBA": 4123027.2631879067,
        "FERREIRA DO ALENTEJO": 8232792.023872157,
        "MÉRTOLA": 13319524.326718278,
        "MOURA": 13088866.817397183,
        "ODEMIRA": 21057202.501820274,
        "OURIQUE": 7881333.646292264,
        "SERPA": 14423545.287308048,
        "VIDIGUEIRA": 5254207.592603869
      }
    },
    {
      "District": "BRAGA",
      "Total": 232268587.4451834,
      "Municipalities": {
        "AMARES": 8025310.924843522,
        "BARCELOS": 36326607.135123,
        "BRAGA": 26959507.279368524,
        "CABECEIRAS DE BASTO": 9478039.328035397,
        "CELORICO DE BASTO": 10902686.58019224,
        "ESPOSENDE": 8610751.760860851,
        "FAFE": 18041222.630363904,
        "GUIMARÃES": 34236953.488298155,
        "PÓVOA DE LANHOSO": 9551440.244625058,
        "TERRAS DE BOURO": 7380130.610808547,
        "VIEIRA DO MINHO": 8127403.037240212,
        "VILA NOVA DE FAMALICÃO": 28843326.420392293,
        "VILA VERDE": 18763238.768055405,
        "VIZELA": 7021969.236976307
      }
    },
    {
      "District": "BRAGANÇA",
      "Total": 119326705.4733047,
      "Municipalities": {
        "ALFÂNDEGA DA FÉ": 7069836.169663113,
        "BRAGANÇA": 17965943.31906192,
        "CARRAZEDA DE ANSIÃES": 7578972.691176221,
        "FREIXO DE ESPADA À CINTA": 6072325.505563703,
        "MACEDO DE CAVALEIROS": 12358766.658093035,
        "MIRANDA DO DOURO": 8494399.385247793,
        "MIRANDELA": 12986246.26564638,
        "MOGADOURO": 11284719.8024532,
        "TORRE DE MONCORVO": 9361083.80321046,
        "VILA FLOR": 7114603.951285923,
        "VIMIOSO": 7739477.745978687,
        "VINHAIS": 11300330.17592427
      }
    },
    {
      "District": "CASTELO BRANCO",
      "Total": 117667527.02142198,
      "Municipalities": {
        "BELMONTE": 4998900.88993444,
        "CASTELO BRANCO": 19382145.223836455,
        "COVILHÃ": 18581748.009991553,
        "FUNDÃO": 14742938.73224114,
        "IDANHA-A-NOVA": 14788353.164629342,
        "OLEIROS": 7864857.937525645,
        "PENAMACOR": 8250031.519476328,
        "PROENÇA-A-NOVA": 7993018.629800543,
        "SERTÃ": 10506830.453707378,
        "VILA DE REI": 4847633.700117542,
        "VILA VELHA DE RÓDÃO": 5711068.760161623
      }
    },
    {
      "District": "COIMBRA",
      "Total": 146670364.55419764,
      "Municipalities": {
        "ARGANIL": 7771822.373312329,
        "CANTANHEDE": 11832905.309490435,
        "COIMBRA": 23660981.88174252,
        "CONDEIXA-A-NOVA": 6245137.683439225,
        "FIGUEIRA DA FOZ": 10587047.083117714,
        "GÓIS": 5777311.041071862,
        "LOUSÃ": 6566199.859278332,
        "MIRA": 5591300.325858081,
        "MIRANDA DO CORVO": 6351007.044454165,
        "MONTEMOR-O-VELHO": 11163727.079023996,
        "OLIVEIRA DO HOSPITAL": 9163125.5519394,
        "PAMPILHOSA DA SERRA": 7385459.674691111,
        "PENACOVA": 7939759.4391194135,
        "PENELA": 5042651.858758377,
        "SOURE": 9576945.72224386,
        "TÁBUA": 7176876.777818544,
        "VILA NOVA DE POIARES": 4838105.8488382725
      }
    },
    {
      "District": "ÉVORA",
      "Total": 108297311.8436268,
      "Municipalities": {
        "ALANDROAL": 7232147.765026212,
        "ARRAIOLOS": 7993295.222882769,
        "BORBA": 4991666.632520297,
        "ESTREMOZ": 9732308.786113366,
        "ÉVORA": 18861452.906124715,
        "MONTEMOR-O-NOVO": 12653921.58293911,
        "MORA": 5836541.138093334,
        "MOURÃO": 4455140.885199489,
        "PORTEL": 7898564.256083509,
        "REDONDO": 5990890.47754738,
        "REGUENGOS DE MONSARAZ": 6600265.069610971,
        "VENDAS NOVAS": 5446557.309163654,
        "VIANA DO ALENTEJO": 5346623.14823751,
        "VILA VIÇOSA": 5257936.664084484
      }
    },
    {
      "District": "FARO",
      "Total": 95625940.53665198,
      "Municipalities": {
        "ALBUFEIRA": 4845296.103193673,
        "ALCOUTIM": 7600404.0733678,
        "ALJEZUR": 4691303.821204123,
        "CASTRO MARIM": 3559709.7429915997,
        "FARO": 9743542.328422684,
        "LAGOA": 3692829.076963712,
        "LAGOS": 2914482.522602354,
        "LOULÉ": 5819601.389318398,
        "MONCHIQUE": 8138013.23534495,
        "OLHÃO": 9244225.940837683,
        "PORTIMÃO": 6689842.904395866,
        "SÃO BRÁS DE ALPORTEL": 4408292.90326615,
        "SILVES": 10744379.577406866,
        "TAVIRA": 7359831.648840463,
        "VILA DO BISPO": 3062146.997602291,
        "VILA REAL DE SANTO ANTÓNIO": 3112038.270893368
      }
    },
    {
      "District": "GUARDA",
      "Total": 124950288.82522947,
      "Municipalities": {
        "AGUIAR DA BEIRA": 6494511.746319029,
        "ALMEIDA": 9190202.478725227,
        "CELORICO DA BEIRA": 7091880.0908193905,
        "FIGUEIRA DE CASTELO RODRIGO": 8409322.151225185,
        "FORNOS DE ALGODRES": 5277744.757644304,
        "GOUVEIA": 8790005.977383066,
        "GUARDA": 16969593.931213055,
        "MANTEIGAS": 4694918.502456737,
        "MEDA": 6636479.2845577905,
        "PINHEL": 9577342.426388681,
        "SABUGAL": 13013734.9879997,
        "SEIA": 12696932.64419924,
        "TRANCOSO": 8530640.388973586,
        "VILA NOVA DE FOZ CÔA": 7576979.457324472
      }
    },
    {
      "District": "LEIRIA",
      "Total": 130454301.93527941,
      "Municipalities": {
        "ALCOBAÇA": 14202495.524676675,
        "ALVAIÁZERE": 5748129.722053091,
        "ANSIÃO": 6900507.10034132,
        "BATALHA": 5681480.862158055,
        "BOMBARRAL": 4734418.383074623,
        "CALDAS DA RAINHA": 8918576.11452569,
        "CASTANHEIRA DE PÊRA": 3856567.7276473525,
        "FIGUEIRÓ DOS VINHOS": 5661674.9322944805,
        "LEIRIA": 23215813.166578036,
        "MARINHA GRANDE": 8799475.86491775,
        "NAZARÉ": 3966445.629064429,
        "ÓBIDOS": 2717644.631725033,
        "PEDRÓGÃO GRANDE": 4788212.487898312,
        "PENICHE": 6118657.861677678,
        "POMBAL": 16163343.414713837,
        "PORTO DE MÓS": 8980858.511933059
      }
    },
    {
      "District": "LISBOA",
      "Total": 299849116.4701571,
      "Municipalities": {
        "ALENQUER": 9590599.492769139,
        "AMADORA": 27542944.32813356,
        "ARRUDA DOS VINHOS": 4735946.027903795,
        "AZAMBUJA": 6299012.334842102,
        "CADAVAL": 6371819.685280429,
        "CASCAIS": 26354312.38743321,
        "LISBOA": 37013902.00604721,
        "LOURES": 30878390.77089711,
        "LOURINHÃ": 6451474.726637565,
        "MAFRA": 9893114.858580409,
        "ODIVELAS": 22834819.51304368,
        "OEIRAS": 23823278.989267167,
        "SINTRA": 48040973.74919235,
        "SOBRAL DE MONTE AGRAÇO": 4735067.109147401,
        "TORRES VEDRAS": 14943195.073622126,